"createdby","count"
"0ab33c0f-8b61-47c1-8ac0-72087784baef",148
"de3477e2-6c7d-49a3-b10c-80ee9660d27a",70
"8cfc0d3f-fe1c-4e29-b551-aa166e33a7ed",61
"f1a434a0-8a91-4e6f-95f1-699260b1a554",54
"ae7f16b9-0b5f-47be-a684-d9c2ce512103",53
"04a77734-e1da-4d41-bd62-ccf63f844cd0",48
"01fb12ac-cac4-4ef5-b908-d5df020d0097",48
"f236e7f3-dcb1-41f2-9e3e-656e34abac36",44
"0d2957d0-4736-4b49-8640-1605e5d0a041",44
"9130547b-3a6b-4929-a740-83de41fa99a4",42
"a5568cc5-e1af-4448-877d-4e9d8352e187",39
"2e4f4d4d-a4f7-46f9-bf66-68c7bcdea550",38
"9c00d59a-d3ef-4671-9885-24d549d99639",36
"c03bf043-7a29-4b74-b4de-6d3a2047ada6",34
"658fc06a-a16c-4d56-b8a8-193a40fbaee1",33
"a281cf0f-59d7-4b48-8cb6-c738d6fc86a3",32
"afacb7a2-1679-4062-b62d-16794c77dae2",32
"a7618a56-897b-4ad2-bf40-f05fef5fa685",32
"4f37ce98-e6a6-40cf-b0b0-85dbc7e36b7a",30
"db2c708e-b12b-49c0-9b88-71f5dfe5f00c",27
"fb90b607-8109-42ff-badb-47b1641842b2",24
"74f05717-56d7-40d3-a07a-292b257cc0e4",24
"bb616f61-df6a-4595-be55-7386098a69c6",23
"a3592dd9-525e-46f2-9cf8-4b7dd3a9e187",23
"9bdecfd0-4f81-4327-91dc-8aed9ad02286",22
"5438c653-0daf-4a92-b272-d4991734a9c7",21
"d7edd1b0-2748-4579-937c-66a2009b1f33",21
"6f132738-0c83-418a-9dfc-94d0250c5494",20
"5219da3d-c74f-4c1e-b68f-d1dbe4df5fda",20
"223d99d5-f237-43d5-b1dc-4824dca4f3ca",20
"8b1baf75-38e1-4bbb-88c3-d9cc21204235",20
"03891331-7fa2-447c-9532-0166ef7c2681",19
"7df76f4c-09f6-454c-8296-62d2d650e763",19
"c1004bbb-8c3f-459b-8e6d-776f21e0a361",19
"d29f71e6-4b6c-49e2-8451-561fa43bf4fe",16
"3718b5c8-795e-40c5-ac1e-1fc9acdd277f",15
"4367b4e4-46a6-4bd1-bcd1-fd5a4b9c29c3",15
"b9c359e4-5660-403b-933f-60d2da002ad3",14
"5746f532-ed5d-4d70-855f-0d483063a74e",14
"824f170e-6cfe-48f0-a164-979643eacf26",14
"882634b8-a839-488a-8e28-8cd158c1dbec",13
"7ac2082c-09be-46cd-9fc2-24b7ba6baa1e",12
"5a107bdc-9c90-41cd-96af-4919360c7eaf",12
"3bb72028-ecec-4a2d-91ea-ea47654098d8",12
"3f514a75-e9fa-4fe5-92b8-2cd2ba3f06a6",12
"ad015a6e-a092-4532-bf06-7900bfd67cbb",11
"c5967c95-4b7d-4e5b-b18b-36d6cc2d3037",11
"a2d8369e-1767-472f-b6ca-ac6483273686",11
"c04c57d6-db6b-4304-bf19-789cfc1a3924",11
"1536db30-f85e-4d1e-8761-3db642ee8694",11
"616634c8-43b8-423b-a9cc-9173b68a13f3",11
"b60caaee-6c29-48ac-bfba-0a5df78df490",11
"119d1eaa-db3c-48fd-8fa5-af73bf07d0ac",11
"62df8f7e-4d34-4471-b7f6-bafa77f0ecc6",11
"b9541811-fda4-4164-840a-f6e78c98b83a",11
"026558e5-8eff-4d97-afb6-2107da8dcc5c",11
"82e80b79-dba4-48dd-8282-59a989037a37",11
"5710255c-6933-4713-b32b-766d51ef3bb5",11
"4f91db32-3a8c-4ac4-8100-aba0175f75a1",10
"2181eefd-50ea-4ceb-be18-c5ef245502e2",10
"6f189741-69e7-4de4-bde1-66b1c3515d2c",10
"cbf66c9d-c8c3-4ba3-b77d-791ceadae440",10
"83b2aaec-6f69-44f2-804d-5ebd8dc2e42e",9
"34e92490-faea-48b0-9460-5748e94c54de",9
"3067361e-48df-452e-8e1f-e3ce730a1acc",9
"ec434cdf-5183-4ef9-9a0c-13db7d591f27",9
"4103d70a-f49d-4880-a61e-732288f2663d",9
"2173a317-0ee2-4564-9ca8-5066ffabfdab",9
"4ced2f3f-adb1-472d-b034-54945561c2b0",8
"28c9f5be-f413-43b2-b68b-42c9825f916a",8
"945f45e1-1f9b-49c6-b8ef-4a91663cdfd5",8
"38f26208-1533-4151-b2d8-fd8058c47d18",8
"b9ef6d78-022f-4882-a85a-468b3739777f",7
"f999af3a-ce00-484a-b770-f593f3e28f36",7
"6d30bff4-987c-4023-ad20-6722f185e080",7
"9cb955e4-3e54-4d7d-8cc8-8a20c1217d94",7
"c8a3e21c-0318-4aac-abfe-98cd737469bf",7
"cb634ada-ad0a-492c-9321-685822694169",7
"715c05d5-ad94-420c-9a86-8f6b7fb901b5",7
"01bfd205-faa3-4d4f-bcba-f9762f16eeb3",7
"2147889d-7bfe-4171-8cbb-b6b88cdef706",7
"3916844a-5948-4cd6-b9c1-bc43ce074f9d",6
"255c3fcf-a811-427a-8ec5-cdb88a1c709b",6
"ad4e35bc-b75b-4e9e-b135-9410570ad273",6
"b9f774ac-4c80-4778-aec4-7eef0346bcd0",6
"c5bb7d91-661a-4f68-b7fd-576f92752182",6
"63bb959f-a2d0-413b-a281-ac86a4a3ac03",6
"e3c56370-ea23-4290-8a8d-d9967316c3b2",6
"82952b85-b38a-4e17-8c1d-ce3e2b9a5cf2",6
"c292ce79-8669-4135-ae18-ad41cdd7f285",6
"642810c2-9b60-4baa-ba5c-b0ebd744d3ce",6
"f60a138a-a234-41d4-b654-d1b7d470642f",5
"67e9952b-5b26-4234-a59f-d3e3594046a9",5
"5c62e265-3279-4fac-8ec5-2e5d20ce7063",5
"9fa1213a-aa8f-4e24-acb6-356bbdb88468",5
"80715b94-326e-494f-8664-4cef679d5e99",5
"50c60c54-9b8d-4460-b5a6-2184b9851d95",5
"65a07334-9279-490f-b2d6-1517b24898c0",5
"542a79cf-fd8d-44d2-b9be-0869a4f4c7b3",5
"a38a5e5b-48a9-4463-9870-180fce189220",5
"d56696e8-d67a-4eb9-997a-317a95323a7f",5
"0b238455-8f3f-4323-b61d-99a330e6cc00",5
"bc56cb85-dc5b-4013-8148-ba2d565acc20",4
"914e8679-942b-4608-828b-3b848fc39348",4
"7e03d254-f01e-4d62-95dc-282556c8e1e2",4
"d79b7c4e-cec9-444b-94c1-e03f9fea6738",4
"a8d707db-6ef0-4a25-8a83-d4ef6e9b8f81",4
"de178475-81e8-4ce7-8761-83675ebb357e",4
"f6ebe62f-6b22-4520-966f-a2021bf39258",4
"fe2df47e-9718-431c-bcca-e2b9e843489c",4
"11bb5713-823a-4db9-ba3c-702099d5722d",4
"2bdd74b6-10f1-4b50-a1aa-7ca5c80afb74",4
"abe089a8-6fc1-42e7-95c7-07ef9dbac41f",4
"8323edcd-5059-41f2-971d-568209d90db9",4
"fc256e68-c009-4a54-a725-3422e4ab24c7",4
"b70d7600-c285-4969-b13c-f2a36534d1c0",4
"c9cc8503-cbd1-420c-bb7d-b26c7de23338",4
"bc316932-7f0e-40bb-bc04-7b7a275071d8",4
"15ea2ba6-6444-4b91-bc11-63a2e5c41d58",4
"2b1d8626-b11f-47cc-b93d-54ee05970f2b",4
"7bef1d5d-cadf-4308-bfb1-5459c8132963",4
"2ca869e5-5b31-4387-ad66-f90c9f197fcd",4
"152b9cd4-cf1a-41d6-83f8-097ffccab84e",4
"204dde8c-9095-4265-ae2c-560f2bccfff8",4
"106cfef2-672b-4159-9ac5-8b1f9f11a123",4
"64ef6070-d22b-4531-b927-f026d16eb56e",3
"ea559cec-6534-44be-ac32-3fe158dfd131",3
"45736e24-fb69-44a4-a830-81dd9fbbcc42",3
"3910b1ae-6308-4c40-b8ef-92aeb55c91b4",3
"10870ff5-12dc-4bee-90cd-b1cf452f005b",3
"90a1b9bf-ee23-440f-b408-65369cbfb3f7",3
"2a3c9da2-4bf9-4f93-b31a-a746edc76877",3
"a1271f99-5fb5-4678-a5c3-e584570e87d6",3
"db4b2819-6313-4e86-b12c-4c1e4f42debe",3
"df9e5d14-f248-4430-bd77-d0937170f785",3
"574873e6-2797-4509-9c86-900667d61a60",3
"7c8e4712-df4c-4ebf-b500-05d064bff8cf",3
"8eff1feb-2839-4ef4-a8c2-10ecca29b751",3
"82765f68-4c07-45ff-8f6e-a04594cbfa64",3
"2122da4f-0574-4075-8738-da7094ae6934",3
"edbcce79-d031-4dd1-88fc-ad4a3de46662",3
"6763e52b-ef07-494e-9696-b8d37d3b59fd",3
"3a90a19d-83b7-4bdc-8a02-1f56b32620d5",3
"713a731f-56ed-4dd4-835a-824497528c6f",3
"a007a11d-3f4e-4578-b934-5cf7d2054af0",2
"57997602-12ff-4912-b992-ed1611c41f10",2
"582e9d8f-7987-44f4-a331-f89e17af2284",2
"56854c26-a6d4-425f-a6b8-4f2ea838ed33",2
"bddc0b5b-6ff6-413c-aee3-89a6164c214e",2
"30ff5d2f-6c10-4dee-9606-2b9ed26d9437",2
"e50669bd-55bf-412c-ad5e-0ae40824a7d3",2
"1c717362-ed90-4fa6-8894-3160aca7dc28",2
"2cc283df-7344-4934-b946-8d96375932f2",2
"956caada-3f8e-413f-b4f6-699e01999538",2
"978d986c-61b9-4b89-b791-e192dd9f1b44",2
"b53e7853-7cd5-4ba3-83ea-a186662cb683",2
"e13743a8-fbc1-4096-8727-6f9ac70c060b",2
"899a6fd1-047d-47f1-a919-f48d787cdf1e",2
"ffb36ccf-e21b-4ea4-88d4-e27e324d9991",2
"ae37c22a-bb44-42fe-8426-7c63ef70b1e6",2
"3294d306-8d88-4056-ab40-5e9896ea59c7",2
"005a7442-532f-4bc7-9d13-d00cd5671814",2
"81c30ae7-3b07-4134-959a-e6795eb79282",2
"97536193-7287-4bf0-a9f6-d2c9f30cd90d",2
"0e1f673f-05d2-4a92-bc11-3b9269cd5afd",2
"3d29a70b-bb62-4cc4-ada7-f96705f8c49c",2
"0cb3f1ae-7d97-4bc6-b19b-b0db65792cbd",2
"c10d2c1f-1184-4542-8f67-fc514a890047",2
"d89d45c5-f29b-443d-a0ec-99fdb08b707b",2
"540115c5-8571-498d-8b58-382afe00c155",2
"0fda0bee-5adc-402a-8cd8-548ee45e9bfc",2
"7ae409ff-e6ed-4d17-8a5a-1e9db3f562b8",2
"1cd77c34-7597-471d-be40-f5ae86d6fed8",2
"54ddc93a-ea85-4160-8650-1ed77ceafcbb",2
"7d23ba5c-1a24-49dc-a5b3-937d05be7e49",2
"8a0fa076-5039-49b9-a367-133b4181fffe",1
"179a5346-df84-458c-87e3-ce2b1f06acca",1
"2cf42103-4f41-486f-9e63-05f366b9be8f",1
"812e7ef1-b410-454c-9a7f-6df0e9a7f6fe",1
"ab5963d0-33f3-4d79-b976-09bb2f002ced",1
"f45e7ac1-2c81-476d-b4e2-91f2b257b4db",1
"3334041c-1ebc-4a98-93bb-a00198d456ef",1
"0f157723-e706-4c66-bd4a-74d05a8c6dc6",1
"3099191f-d91b-4dc6-97a2-e5bde413aec2",1
"db32f08c-247e-421a-bf45-14455d8309d6",1
"63fa1d0b-f0c0-4165-8548-80184fcc13c2",1
"9e27ebaf-2a67-46e2-9333-773cdda177cf",1
"cc6414ca-9ef3-4a5c-9397-eba0c3ffebe8",1
"9a5be53c-3478-4633-a52a-1be0e7b014b3",1
"769b3410-76e9-4ba9-8bc8-6338c9398fb9",1
"7453422b-145b-49bc-b519-3e0dd096cbf4",1
"98853b58-436a-42de-af63-c5de6fbe597d",1
"0e075639-9e67-40ea-b1e7-d61ec037c982",1
"14b10903-e9bf-40e8-a4e9-efb3ae7aec30",1
"e57fad62-c2b8-4cbc-ac1f-68fd0efbf3d7",1
"c5d524c5-2306-4ad4-a366-39ffe89e3921",1
"92ad505b-c028-4ee0-b8a3-455a0730a8fe",1
"2cc6f645-de65-46e5-9f1f-eae00b5e8a54",1
"1017e8af-18d4-4224-b677-61d803dfd952",1
"f77bbbcf-f998-472d-965e-176eb7e475d4",1
"71f49f5f-0397-4f84-b4d6-fa1aab281339",1
"903a702e-1305-4245-875f-b0a64c2bf9c1",1
"b1536ecc-9409-41bb-bc3b-f12da491fc6d",1
"6c3071d2-cc3b-45fe-9355-7483839b2d5d",1
"2123106d-7e2a-46c9-a752-12602c4d5cdf",1
"1a592f18-0434-4f21-aecf-1b9b7124716e",1
"f613d8db-9590-447a-b709-7b25921a0887",1
"6dee4a09-b245-4c88-a533-167186db8527",1
"4b881059-ebc5-4990-a7d8-0c72b46d638e",1
"02967ffc-7c81-44ff-b799-1847d1a72f6a",1
"fd2b77a6-7d90-4dbe-8aef-6ce47bceadd9",1
"cf125807-c255-4509-9e2c-898e5310ce8f",1
"c32e653c-893f-4540-9fcd-4cced4494f07",1
