"processinstanceid","tenantid","assignee","createdby","lastmodifiedby","createdtime","lastmodifiedtime"
"f19155ed-4aa5-493d-a752-2eaa2ee7836d","od.bhubaneswar","06d2cca4-d87a-483b-b14c-5fb18bdd9ad8","d7edd1b0-2748-4579-937c-66a2009b1f33","d7edd1b0-2748-4579-937c-66a2009b1f33",1657090340170,1657090340170
"f19155ed-4aa5-493d-a752-2eaa2ee7836d","od.bhubaneswar","23c6b5ba-2a4d-4f5d-a0e0-02fe5d2981a5","d7edd1b0-2748-4579-937c-66a2009b1f33","d7edd1b0-2748-4579-937c-66a2009b1f33",1657090340170,1657090340170
"864155fd-a1fc-4136-8520-0ae828132404","od.bhubaneswar","d7edd1b0-2748-4579-937c-66a2009b1f33","23c6b5ba-2a4d-4f5d-a0e0-02fe5d2981a5","23c6b5ba-2a4d-4f5d-a0e0-02fe5d2981a5",1657090780285,1657090780285
"d041b5ac-4c51-4821-af95-16f3bed9800b","od.bhubaneswar","d7edd1b0-2748-4579-937c-66a2009b1f33","23c6b5ba-2a4d-4f5d-a0e0-02fe5d2981a5","23c6b5ba-2a4d-4f5d-a0e0-02fe5d2981a5",1657090780983,1657090780983
"36994bb9-c3cf-4247-8e28-bf3cd83951ec","od.bhubaneswar","3a997eb6-c8ef-452c-b0d2-107187485a6d","bc4564c3-ae3c-4d15-b97f-3e0a690b13df","bc4564c3-ae3c-4d15-b97f-3e0a690b13df",1657267932029,1657267932029
"fb72377b-95b0-489c-b0de-71ee8648fcfc","od.bhubaneswar","5758007e-2d13-485f-9336-be08888c691e","fde856ac-d17a-4e82-8b48-b7ec261f6b8a","fde856ac-d17a-4e82-8b48-b7ec261f6b8a",1658908281495,1658908281495
"54ad7c7c-bcc1-4321-bf89-cd484720a67f","od.bhubaneswar","06d2cca4-d87a-483b-b14c-5fb18bdd9ad8","420007f0-dd5c-4f9e-b272-2a7f44289940","420007f0-dd5c-4f9e-b272-2a7f44289940",1662632411624,1662632411624
"54ad7c7c-bcc1-4321-bf89-cd484720a67f","od.bhubaneswar","23c6b5ba-2a4d-4f5d-a0e0-02fe5d2981a5","420007f0-dd5c-4f9e-b272-2a7f44289940","420007f0-dd5c-4f9e-b272-2a7f44289940",1662632411624,1662632411624
"54ad7c7c-bcc1-4321-bf89-cd484720a67f","od.bhubaneswar","d7edd1b0-2748-4579-937c-66a2009b1f33","420007f0-dd5c-4f9e-b272-2a7f44289940","420007f0-dd5c-4f9e-b272-2a7f44289940",1662632411624,1662632411624
