"id","documenttype","filestoreid","documentuid","buildingplanid","additionaldetails","createdby","lastmodifiedby","createdtime","lastmodifiedtime"
"06b2933f-7ce3-4915-9e53-3002affaacd8","NOC.NOCNHAI.NOC","f97e8a8c-2ac1-4cb8-9df9-00a431b37915",NULL,"c940a90a-d24c-4741-b861-df452cde7466","{""uploadedBy"": ""Citizen"", ""uploadedTime"": 1660904778045}","db2c708e-b12b-49c0-9b88-71f5dfe5f00c","db2c708e-b12b-49c0-9b88-71f5dfe5f00c",1657197473744,1660905116750
"45e63c1d-203e-49f5-9c49-013d26fab36f","APPL.LANDPOSSAFFI.LANDPOSSAFFI","b67ef357-e21a-44b7-a7a8-9e2566a49c96",NULL,"c940a90a-d24c-4741-b861-df452cde7466","{""uploadedBy"": ""Citizen"", ""uploadedTime"": 1660904839197}","db2c708e-b12b-49c0-9b88-71f5dfe5f00c","db2c708e-b12b-49c0-9b88-71f5dfe5f00c",1657197473744,1660905116750
"1335d465-d340-45d8-8f78-4bc4cd2d4025","NOC.NOCNHAI.NOC","f97e8a8c-2ac1-4cb8-9df9-00a431b37915",NULL,"c940a90a-d24c-4741-b861-df452cde7466","{""uploadedBy"": ""Citizen"", ""uploadedTime"": 1660904778045}","db2c708e-b12b-49c0-9b88-71f5dfe5f00c","db2c708e-b12b-49c0-9b88-71f5dfe5f00c",1657197473744,1660905116841
"ebecbbbf-98f7-4a69-a506-be81e06f90b4","APPL.LANDPOSSAFFI.LANDPOSSAFFI","b67ef357-e21a-44b7-a7a8-9e2566a49c96",NULL,"c940a90a-d24c-4741-b861-df452cde7466","{""uploadedBy"": ""Citizen"", ""uploadedTime"": 1660904839197}","db2c708e-b12b-49c0-9b88-71f5dfe5f00c","db2c708e-b12b-49c0-9b88-71f5dfe5f00c",1657197473744,1660905116841
"caf4a8da-abe7-4c8d-ae79-79fdbc885c01","NOC.NOCNHAI.NOC","f97e8a8c-2ac1-4cb8-9df9-00a431b37915",NULL,"c940a90a-d24c-4741-b861-df452cde7466","{""uploadedBy"": ""Citizen"", ""uploadedTime"": 1660904778045}","db2c708e-b12b-49c0-9b88-71f5dfe5f00c","db2c708e-b12b-49c0-9b88-71f5dfe5f00c",1657197473744,1660905136242
"567866ba-237b-4c1c-a910-ac8156db0a70","APPL.LANDPOSSAFFI.LANDPOSSAFFI","b67ef357-e21a-44b7-a7a8-9e2566a49c96",NULL,"c940a90a-d24c-4741-b861-df452cde7466","{""uploadedBy"": ""Citizen"", ""uploadedTime"": 1660904839197}","db2c708e-b12b-49c0-9b88-71f5dfe5f00c","db2c708e-b12b-49c0-9b88-71f5dfe5f00c",1657197473744,1660905136242
"80039234-9776-4bb1-a950-9f06507448f9","NOC.NOCNHAI.NOC","f97e8a8c-2ac1-4cb8-9df9-00a431b37915",NULL,"c940a90a-d24c-4741-b861-df452cde7466","{""uploadedBy"": ""Citizen"", ""uploadedTime"": 1660904778045}","db2c708e-b12b-49c0-9b88-71f5dfe5f00c","db2c708e-b12b-49c0-9b88-71f5dfe5f00c",1657197473744,1660905116778
"87519fa0-5748-4d0a-b343-6c419152434d","APPL.LANDPOSSAFFI.LANDPOSSAFFI","b67ef357-e21a-44b7-a7a8-9e2566a49c96",NULL,"c940a90a-d24c-4741-b861-df452cde7466","{""uploadedBy"": ""Citizen"", ""uploadedTime"": 1660904839197}","db2c708e-b12b-49c0-9b88-71f5dfe5f00c","db2c708e-b12b-49c0-9b88-71f5dfe5f00c",1657197473744,1660905116778
"a829906d-a174-4c6c-950e-7cd86c3d197e","NOC.NOCNHAI.NOC","f97e8a8c-2ac1-4cb8-9df9-00a431b37915",NULL,"c940a90a-d24c-4741-b861-df452cde7466","{""uploadedBy"": ""Citizen"", ""uploadedTime"": 1660904778045}","db2c708e-b12b-49c0-9b88-71f5dfe5f00c","db2c708e-b12b-49c0-9b88-71f5dfe5f00c",1657197473744,1660905116929
"367e1f78-f7a8-4ddd-9f61-a37e4da5dc73","APPL.LANDPOSSAFFI.LANDPOSSAFFI","b67ef357-e21a-44b7-a7a8-9e2566a49c96",NULL,"c940a90a-d24c-4741-b861-df452cde7466","{""uploadedBy"": ""Citizen"", ""uploadedTime"": 1660904839197}","db2c708e-b12b-49c0-9b88-71f5dfe5f00c","db2c708e-b12b-49c0-9b88-71f5dfe5f00c",1657197473744,1660905116929
"93bc6254-e8ea-4e03-ac2d-68c4df3b966a","NOC.NOCNHAI.NOC","f97e8a8c-2ac1-4cb8-9df9-00a431b37915",NULL,"c940a90a-d24c-4741-b861-df452cde7466","{""uploadedBy"": ""Citizen"", ""uploadedTime"": 1660904778045}","db2c708e-b12b-49c0-9b88-71f5dfe5f00c","db2c708e-b12b-49c0-9b88-71f5dfe5f00c",1657197473744,1660905117082
"996f66fa-61a3-4b6f-889c-335c5c3cc40b","APPL.LANDPOSSAFFI.LANDPOSSAFFI","b67ef357-e21a-44b7-a7a8-9e2566a49c96",NULL,"c940a90a-d24c-4741-b861-df452cde7466","{""uploadedBy"": ""Citizen"", ""uploadedTime"": 1660904839197}","db2c708e-b12b-49c0-9b88-71f5dfe5f00c","db2c708e-b12b-49c0-9b88-71f5dfe5f00c",1657197473744,1660905117082
