"id","tenantid","billid","businessservice","billno","billdate","consumercode","consumertype","billdescription","displaymessage","minimumamount","totalamount","callbackforapportioning","partpaymentallowed","collectionmodesnotallowed","createdby","createddate","lastmodifiedby","lastmodifieddate","receiptdate","receiptnumber","fromperiod","toperiod","demandid","isadvanceallowed","expirydate","additionaldetails"
"2b1773e0-85ce-4b54-8682-3bafa2adc5b2","od.rourkela","af901776-bb18-4fc6-a62a-08348a6e522a","BPA.NC_SAN_FEE","BILLNO-BPA.NC_SAN_FEE-18462503",1665206639556,"BP-RRK-2022-07-26-006558",NULL,NULL,NULL,NULL,70540.00,False,NULL,NULL,"0d2957d0-4736-4b49-8640-1605e5d0a041",1665206639556,"0d2957d0-4736-4b49-8640-1605e5d0a041",1665206639556,NULL,NULL,1641014605361,1672464205361,"0d35d83a-4414-4ca2-89ef-297ac594c017",NULL,1667865599556,"null"
"d3609808-22cb-46a7-a979-e20d7674a038","od.rourkela","635ced23-f11d-4ad5-bd43-c7572fa0c976","BPA.NC_SAN_FEE","BILLNO-BPA.NC_SAN_FEE-18462764",1665207040665,"BP-RRK-2022-07-26-006558",NULL,NULL,NULL,NULL,70540.00,False,NULL,NULL,"0d2957d0-4736-4b49-8640-1605e5d0a041",1665207040665,"0d2957d0-4736-4b49-8640-1605e5d0a041",1665207040665,NULL,NULL,1641014605361,1672464205361,"0d35d83a-4414-4ca2-89ef-297ac594c017",NULL,1667865599665,"null"
"ae0f8978-4d6d-439d-91f2-eb664eeb0f78","od.rourkela","635ced23-f11d-4ad5-bd43-c7572fa0c976","BPA.NC_SAN_FEE","BILLNO-BPA.NC_SAN_FEE-18462764",1665207040665,"BP-RRK-2022-07-26-006558",NULL,NULL,NULL,NULL,70540.00,False,NULL,NULL,"0d2957d0-4736-4b49-8640-1605e5d0a041",1665207040665,"0d2957d0-4736-4b49-8640-1605e5d0a041",1665207040665,NULL,NULL,1641015039897,1672464639897,"c7403f13-0d06-4dee-bb09-f3ad61a1e343",NULL,1667865599665,"null"
"9515746b-8fe4-455e-b03d-90cb84a9b060","od.rourkela","c96e9464-4e49-4750-9c93-09fbc9175f64","BPA.NC_SAN_FEE","BILLNO-BPA.NC_SAN_FEE-18462871",1665207190563,"BP-RRK-2022-07-26-006558",NULL,NULL,NULL,NULL,70540.00,False,NULL,NULL,"0d2957d0-4736-4b49-8640-1605e5d0a041",1665207190563,"0d2957d0-4736-4b49-8640-1605e5d0a041",1665207190563,NULL,NULL,1641014605361,1672464205361,"0d35d83a-4414-4ca2-89ef-297ac594c017",NULL,1667865599562,"null"
"c982d811-b9ec-4839-b50e-16f612ef31fd","od.rourkela","c96e9464-4e49-4750-9c93-09fbc9175f64","BPA.NC_SAN_FEE","BILLNO-BPA.NC_SAN_FEE-18462871",1665207190563,"BP-RRK-2022-07-26-006558",NULL,NULL,NULL,NULL,70540.00,False,NULL,NULL,"0d2957d0-4736-4b49-8640-1605e5d0a041",1665207190563,"0d2957d0-4736-4b49-8640-1605e5d0a041",1665207190563,NULL,NULL,1641015039897,1672464639897,"c7403f13-0d06-4dee-bb09-f3ad61a1e343",NULL,1667865599563,"null"
"c7abf168-f358-4299-a8d1-06768a835528","od.rourkela","c96e9464-4e49-4750-9c93-09fbc9175f64","BPA.NC_SAN_FEE","BILLNO-BPA.NC_SAN_FEE-18462871",1665207190563,"BP-RRK-2022-07-26-006558",NULL,NULL,NULL,NULL,70540.00,False,NULL,NULL,"0d2957d0-4736-4b49-8640-1605e5d0a041",1665207190563,"0d2957d0-4736-4b49-8640-1605e5d0a041",1665207190563,NULL,NULL,1641015189643,1672464789643,"8ed24b90-acfe-40a6-860d-44a0c1664fc4",NULL,1667865599563,"null"
"f444b304-27af-4375-869d-b6a61309307d","od.rourkela","b9a7a6c7-99cc-4ed9-a66a-90425ebe7c9f","BPA.NC_SAN_FEE","BILLNO-BPA.NC_SAN_FEE-18462924",1665207248050,"BP-RRK-2022-07-26-006558",NULL,NULL,NULL,NULL,70540.00,False,NULL,NULL,"0d2957d0-4736-4b49-8640-1605e5d0a041",1665207248050,"0d2957d0-4736-4b49-8640-1605e5d0a041",1665207248050,NULL,NULL,1641014605361,1672464205361,"0d35d83a-4414-4ca2-89ef-297ac594c017",NULL,1667865599050,"null"
"c4de507c-8272-4032-abbe-64777382f9c5","od.rourkela","b9a7a6c7-99cc-4ed9-a66a-90425ebe7c9f","BPA.NC_SAN_FEE","BILLNO-BPA.NC_SAN_FEE-18462924",1665207248050,"BP-RRK-2022-07-26-006558",NULL,NULL,NULL,NULL,70540.00,False,NULL,NULL,"0d2957d0-4736-4b49-8640-1605e5d0a041",1665207248050,"0d2957d0-4736-4b49-8640-1605e5d0a041",1665207248050,NULL,NULL,1641015039897,1672464639897,"c7403f13-0d06-4dee-bb09-f3ad61a1e343",NULL,1667865599050,"null"
"a8c6b1fd-b8a5-4419-aafa-0d788bc2f1cd","od.rourkela","b9a7a6c7-99cc-4ed9-a66a-90425ebe7c9f","BPA.NC_SAN_FEE","BILLNO-BPA.NC_SAN_FEE-18462924",1665207248050,"BP-RRK-2022-07-26-006558",NULL,NULL,NULL,NULL,70540.00,False,NULL,NULL,"0d2957d0-4736-4b49-8640-1605e5d0a041",1665207248050,"0d2957d0-4736-4b49-8640-1605e5d0a041",1665207248050,NULL,NULL,1641015189643,1672464789643,"8ed24b90-acfe-40a6-860d-44a0c1664fc4",NULL,1667865599050,"null"
"d93c7b31-a3d7-4cce-b2e1-ef8a39d3a035","od.rourkela","b9a7a6c7-99cc-4ed9-a66a-90425ebe7c9f","BPA.NC_SAN_FEE","BILLNO-BPA.NC_SAN_FEE-18462924",1665207248050,"BP-RRK-2022-07-26-006558",NULL,NULL,NULL,NULL,70540.00,False,NULL,NULL,"0d2957d0-4736-4b49-8640-1605e5d0a041",1665207248050,"0d2957d0-4736-4b49-8640-1605e5d0a041",1665207248050,NULL,NULL,1641015247345,1672464847345,"d66a2896-22f1-4980-8e80-fd937b7cb31a",NULL,1667865599050,"null"
"46a051b9-d4cd-4e0b-9ec7-9d30e724573e","od.rourkela","887ddd0c-6bbc-4edd-8b6b-c62a34fcb90a","BPA.NC_SAN_FEE","BILLNO-BPA.NC_SAN_FEE-18462946",1665207276456,"BP-RRK-2022-07-26-006558",NULL,NULL,NULL,NULL,70540.00,False,NULL,NULL,"0d2957d0-4736-4b49-8640-1605e5d0a041",1665207276456,"0d2957d0-4736-4b49-8640-1605e5d0a041",1665207276456,NULL,NULL,1641014605361,1672464205361,"0d35d83a-4414-4ca2-89ef-297ac594c017",NULL,1667865599456,"null"
"6333e7b4-be8e-45b6-99b6-a280597bce39","od.rourkela","887ddd0c-6bbc-4edd-8b6b-c62a34fcb90a","BPA.NC_SAN_FEE","BILLNO-BPA.NC_SAN_FEE-18462946",1665207276456,"BP-RRK-2022-07-26-006558",NULL,NULL,NULL,NULL,70540.00,False,NULL,NULL,"0d2957d0-4736-4b49-8640-1605e5d0a041",1665207276456,"0d2957d0-4736-4b49-8640-1605e5d0a041",1665207276456,NULL,NULL,1641015039897,1672464639897,"c7403f13-0d06-4dee-bb09-f3ad61a1e343",NULL,1667865599456,"null"
"5b15cf13-58c7-436a-bf0d-d1b2e923fcac","od.rourkela","887ddd0c-6bbc-4edd-8b6b-c62a34fcb90a","BPA.NC_SAN_FEE","BILLNO-BPA.NC_SAN_FEE-18462946",1665207276456,"BP-RRK-2022-07-26-006558",NULL,NULL,NULL,NULL,70540.00,False,NULL,NULL,"0d2957d0-4736-4b49-8640-1605e5d0a041",1665207276456,"0d2957d0-4736-4b49-8640-1605e5d0a041",1665207276456,NULL,NULL,1641015189643,1672464789643,"8ed24b90-acfe-40a6-860d-44a0c1664fc4",NULL,1667865599456,"null"
"5307fbc8-10a1-4d9d-9ca4-6e83da591cb0","od.rourkela","887ddd0c-6bbc-4edd-8b6b-c62a34fcb90a","BPA.NC_SAN_FEE","BILLNO-BPA.NC_SAN_FEE-18462946",1665207276456,"BP-RRK-2022-07-26-006558",NULL,NULL,NULL,NULL,70540.00,False,NULL,NULL,"0d2957d0-4736-4b49-8640-1605e5d0a041",1665207276456,"0d2957d0-4736-4b49-8640-1605e5d0a041",1665207276456,NULL,NULL,1641015247345,1672464847345,"d66a2896-22f1-4980-8e80-fd937b7cb31a",NULL,1667865599456,"null"
"b622622f-7c4d-4d7f-a2e1-5c91c156c9c2","od.rourkela","887ddd0c-6bbc-4edd-8b6b-c62a34fcb90a","BPA.NC_SAN_FEE","BILLNO-BPA.NC_SAN_FEE-18462946",1665207276456,"BP-RRK-2022-07-26-006558",NULL,NULL,NULL,NULL,70540.00,False,NULL,NULL,"0d2957d0-4736-4b49-8640-1605e5d0a041",1665207276456,"0d2957d0-4736-4b49-8640-1605e5d0a041",1665207276456,NULL,NULL,1641015275850,1672464875850,"fdb5bd90-2ca7-4397-8599-bf8e8959850b",NULL,1667865599456,"null"
"decd5ee4-f627-485b-9554-d96a6bbf71f1","od.rourkela","a191e632-22d7-43e8-8087-9e5bb5419ced","BPA.NC_SAN_FEE","BILLNO-BPA.NC_SAN_FEE-18463322",1665207761333,"BP-RRK-2022-07-26-006558",NULL,NULL,NULL,NULL,70540.00,False,NULL,NULL,"0d2957d0-4736-4b49-8640-1605e5d0a041",1665207761333,"0d2957d0-4736-4b49-8640-1605e5d0a041",1665207761333,NULL,NULL,1641014605361,1672464205361,"0d35d83a-4414-4ca2-89ef-297ac594c017",NULL,1667865599333,"null"
"b4715fcf-0a84-4747-8cea-48a28d4c6b98","od.rourkela","c53e2932-7411-472e-8457-e96594cad18f","BPA.NC_SAN_FEE","BILLNO-BPA.NC_SAN_FEE-18463290",1665207713770,"BP-RRK-2022-07-26-006558",NULL,NULL,NULL,NULL,70540.00,False,NULL,NULL,"0d2957d0-4736-4b49-8640-1605e5d0a041",1665207713770,"0d2957d0-4736-4b49-8640-1605e5d0a041",1665207713770,NULL,NULL,1641014605361,1672464205361,"0d35d83a-4414-4ca2-89ef-297ac594c017",NULL,1667865599769,"null"
"34b79824-d5de-4043-953a-1a839bb27125","od.rourkela","c53e2932-7411-472e-8457-e96594cad18f","BPA.NC_SAN_FEE","BILLNO-BPA.NC_SAN_FEE-18463290",1665207713770,"BP-RRK-2022-07-26-006558",NULL,NULL,NULL,NULL,70540.00,False,NULL,NULL,"0d2957d0-4736-4b49-8640-1605e5d0a041",1665207713770,"0d2957d0-4736-4b49-8640-1605e5d0a041",1665207713770,NULL,NULL,1641015039897,1672464639897,"c7403f13-0d06-4dee-bb09-f3ad61a1e343",NULL,1667865599769,"null"
"4b5ac5c5-5ebf-42be-ac17-aa24113ac7f4","od.rourkela","c53e2932-7411-472e-8457-e96594cad18f","BPA.NC_SAN_FEE","BILLNO-BPA.NC_SAN_FEE-18463290",1665207713770,"BP-RRK-2022-07-26-006558",NULL,NULL,NULL,NULL,70540.00,False,NULL,NULL,"0d2957d0-4736-4b49-8640-1605e5d0a041",1665207713770,"0d2957d0-4736-4b49-8640-1605e5d0a041",1665207713770,NULL,NULL,1641015189643,1672464789643,"8ed24b90-acfe-40a6-860d-44a0c1664fc4",NULL,1667865599770,"null"
"295a39ea-40dc-41ec-83cc-480fd12bb918","od.rourkela","c53e2932-7411-472e-8457-e96594cad18f","BPA.NC_SAN_FEE","BILLNO-BPA.NC_SAN_FEE-18463290",1665207713770,"BP-RRK-2022-07-26-006558",NULL,NULL,NULL,NULL,70540.00,False,NULL,NULL,"0d2957d0-4736-4b49-8640-1605e5d0a041",1665207713770,"0d2957d0-4736-4b49-8640-1605e5d0a041",1665207713770,NULL,NULL,1641015247345,1672464847345,"d66a2896-22f1-4980-8e80-fd937b7cb31a",NULL,1667865599770,"null"
"bf04dc8c-4101-472c-a4e0-5739fcf15157","od.rourkela","c53e2932-7411-472e-8457-e96594cad18f","BPA.NC_SAN_FEE","BILLNO-BPA.NC_SAN_FEE-18463290",1665207713770,"BP-RRK-2022-07-26-006558",NULL,NULL,NULL,NULL,70540.00,False,NULL,NULL,"0d2957d0-4736-4b49-8640-1605e5d0a041",1665207713770,"0d2957d0-4736-4b49-8640-1605e5d0a041",1665207713770,NULL,NULL,1641015275850,1672464875850,"fdb5bd90-2ca7-4397-8599-bf8e8959850b",NULL,1667865599770,"null"
"8a892726-6c0c-47e8-9c17-6273bc154f9a","od.rourkela","c53e2932-7411-472e-8457-e96594cad18f","BPA.NC_SAN_FEE","BILLNO-BPA.NC_SAN_FEE-18463290",1665207713770,"BP-RRK-2022-07-26-006558",NULL,NULL,NULL,NULL,70540.00,False,NULL,NULL,"0d2957d0-4736-4b49-8640-1605e5d0a041",1665207713770,"0d2957d0-4736-4b49-8640-1605e5d0a041",1665207713770,NULL,NULL,1641015713053,1672465313053,"82f4941c-25b3-43d6-9324-de928a81e63e",NULL,1667865599770,"null"
"45eb2c15-9518-4b2f-b165-8bddf86b17e6","od.rourkela","a191e632-22d7-43e8-8087-9e5bb5419ced","BPA.NC_SAN_FEE","BILLNO-BPA.NC_SAN_FEE-18463322",1665207761333,"BP-RRK-2022-07-26-006558",NULL,NULL,NULL,NULL,70540.00,False,NULL,NULL,"0d2957d0-4736-4b49-8640-1605e5d0a041",1665207761333,"0d2957d0-4736-4b49-8640-1605e5d0a041",1665207761333,NULL,NULL,1641015039897,1672464639897,"c7403f13-0d06-4dee-bb09-f3ad61a1e343",NULL,1667865599333,"null"
"4f68aeb5-9245-484c-93c1-2e8cb6702f6f","od.rourkela","a191e632-22d7-43e8-8087-9e5bb5419ced","BPA.NC_SAN_FEE","BILLNO-BPA.NC_SAN_FEE-18463322",1665207761333,"BP-RRK-2022-07-26-006558",NULL,NULL,NULL,NULL,70540.00,False,NULL,NULL,"0d2957d0-4736-4b49-8640-1605e5d0a041",1665207761333,"0d2957d0-4736-4b49-8640-1605e5d0a041",1665207761333,NULL,NULL,1641015189643,1672464789643,"8ed24b90-acfe-40a6-860d-44a0c1664fc4",NULL,1667865599333,"null"
"2d9c80e4-f579-4b91-8ebe-ee658dc88195","od.rourkela","a191e632-22d7-43e8-8087-9e5bb5419ced","BPA.NC_SAN_FEE","BILLNO-BPA.NC_SAN_FEE-18463322",1665207761333,"BP-RRK-2022-07-26-006558",NULL,NULL,NULL,NULL,70540.00,False,NULL,NULL,"0d2957d0-4736-4b49-8640-1605e5d0a041",1665207761333,"0d2957d0-4736-4b49-8640-1605e5d0a041",1665207761333,NULL,NULL,1641015247345,1672464847345,"d66a2896-22f1-4980-8e80-fd937b7cb31a",NULL,1667865599333,"null"
"2de23a04-46f3-4e56-88e7-65ea1d7a7671","od.rourkela","a191e632-22d7-43e8-8087-9e5bb5419ced","BPA.NC_SAN_FEE","BILLNO-BPA.NC_SAN_FEE-18463322",1665207761333,"BP-RRK-2022-07-26-006558",NULL,NULL,NULL,NULL,70540.00,False,NULL,NULL,"0d2957d0-4736-4b49-8640-1605e5d0a041",1665207761333,"0d2957d0-4736-4b49-8640-1605e5d0a041",1665207761333,NULL,NULL,1641015275850,1672464875850,"fdb5bd90-2ca7-4397-8599-bf8e8959850b",NULL,1667865599333,"null"
"8b06c096-b652-4677-afe0-5474f789bec7","od.rourkela","a191e632-22d7-43e8-8087-9e5bb5419ced","BPA.NC_SAN_FEE","BILLNO-BPA.NC_SAN_FEE-18463322",1665207761333,"BP-RRK-2022-07-26-006558",NULL,NULL,NULL,NULL,70540.00,False,NULL,NULL,"0d2957d0-4736-4b49-8640-1605e5d0a041",1665207761333,"0d2957d0-4736-4b49-8640-1605e5d0a041",1665207761333,NULL,NULL,1641015713053,1672465313053,"82f4941c-25b3-43d6-9324-de928a81e63e",NULL,1667865599333,"null"
"81e3ca80-d636-48e5-b9c8-abd0d932d667","od.rourkela","a191e632-22d7-43e8-8087-9e5bb5419ced","BPA.NC_SAN_FEE","BILLNO-BPA.NC_SAN_FEE-18463322",1665207761333,"BP-RRK-2022-07-26-006558",NULL,NULL,NULL,NULL,70540.00,False,NULL,NULL,"0d2957d0-4736-4b49-8640-1605e5d0a041",1665207761333,"0d2957d0-4736-4b49-8640-1605e5d0a041",1665207761333,NULL,NULL,1641015798778,1672465398778,"bd66187a-e491-45d9-9ee5-d964a062bd17",NULL,1667865599333,"null"
"d092b917-3a6b-4677-8fb1-174d902869b5","od.rourkela","95d0e5fd-09b5-4339-857a-4a0b2c6562db","BPA.NC_SAN_FEE","BILLNO-BPA.NC_SAN_FEE-18463434",1665207961865,"BP-RRK-2022-07-26-006558",NULL,NULL,NULL,NULL,70540.00,False,NULL,NULL,"0d2957d0-4736-4b49-8640-1605e5d0a041",1665207961865,"0d2957d0-4736-4b49-8640-1605e5d0a041",1665207961865,NULL,NULL,1641014605361,1672464205361,"0d35d83a-4414-4ca2-89ef-297ac594c017",NULL,1667865599865,"null"
"db79238b-c92b-457b-8cc6-4a395c526d26","od.rourkela","95d0e5fd-09b5-4339-857a-4a0b2c6562db","BPA.NC_SAN_FEE","BILLNO-BPA.NC_SAN_FEE-18463434",1665207961865,"BP-RRK-2022-07-26-006558",NULL,NULL,NULL,NULL,70540.00,False,NULL,NULL,"0d2957d0-4736-4b49-8640-1605e5d0a041",1665207961865,"0d2957d0-4736-4b49-8640-1605e5d0a041",1665207961865,NULL,NULL,1641015039897,1672464639897,"c7403f13-0d06-4dee-bb09-f3ad61a1e343",NULL,1667865599865,"null"
"256fbca4-3839-4231-9a59-edd6d27a1d64","od.rourkela","95d0e5fd-09b5-4339-857a-4a0b2c6562db","BPA.NC_SAN_FEE","BILLNO-BPA.NC_SAN_FEE-18463434",1665207961865,"BP-RRK-2022-07-26-006558",NULL,NULL,NULL,NULL,70540.00,False,NULL,NULL,"0d2957d0-4736-4b49-8640-1605e5d0a041",1665207961865,"0d2957d0-4736-4b49-8640-1605e5d0a041",1665207961865,NULL,NULL,1641015189643,1672464789643,"8ed24b90-acfe-40a6-860d-44a0c1664fc4",NULL,1667865599865,"null"
"9022439b-cc41-46bb-a9e6-b8e5b3878b58","od.rourkela","95d0e5fd-09b5-4339-857a-4a0b2c6562db","BPA.NC_SAN_FEE","BILLNO-BPA.NC_SAN_FEE-18463434",1665207961865,"BP-RRK-2022-07-26-006558",NULL,NULL,NULL,NULL,70540.00,False,NULL,NULL,"0d2957d0-4736-4b49-8640-1605e5d0a041",1665207961865,"0d2957d0-4736-4b49-8640-1605e5d0a041",1665207961865,NULL,NULL,1641015247345,1672464847345,"d66a2896-22f1-4980-8e80-fd937b7cb31a",NULL,1667865599865,"null"
"68473336-7b14-4970-9178-e66739181e37","od.rourkela","95d0e5fd-09b5-4339-857a-4a0b2c6562db","BPA.NC_SAN_FEE","BILLNO-BPA.NC_SAN_FEE-18463434",1665207961865,"BP-RRK-2022-07-26-006558",NULL,NULL,NULL,NULL,70540.00,False,NULL,NULL,"0d2957d0-4736-4b49-8640-1605e5d0a041",1665207961865,"0d2957d0-4736-4b49-8640-1605e5d0a041",1665207961865,NULL,NULL,1641015275850,1672464875850,"fdb5bd90-2ca7-4397-8599-bf8e8959850b",NULL,1667865599865,"null"
"b2efdc99-b6d5-4a92-b84b-a05841178063","od.rourkela","95d0e5fd-09b5-4339-857a-4a0b2c6562db","BPA.NC_SAN_FEE","BILLNO-BPA.NC_SAN_FEE-18463434",1665207961865,"BP-RRK-2022-07-26-006558",NULL,NULL,NULL,NULL,70540.00,False,NULL,NULL,"0d2957d0-4736-4b49-8640-1605e5d0a041",1665207961865,"0d2957d0-4736-4b49-8640-1605e5d0a041",1665207961865,NULL,NULL,1641015713053,1672465313053,"82f4941c-25b3-43d6-9324-de928a81e63e",NULL,1667865599865,"null"
"43c04040-db80-4579-94dd-d3563fd9f27e","od.rourkela","95d0e5fd-09b5-4339-857a-4a0b2c6562db","BPA.NC_SAN_FEE","BILLNO-BPA.NC_SAN_FEE-18463434",1665207961865,"BP-RRK-2022-07-26-006558",NULL,NULL,NULL,NULL,70540.00,False,NULL,NULL,"0d2957d0-4736-4b49-8640-1605e5d0a041",1665207961865,"0d2957d0-4736-4b49-8640-1605e5d0a041",1665207961865,NULL,NULL,1641015798778,1672465398778,"bd66187a-e491-45d9-9ee5-d964a062bd17",NULL,1667865599865,"null"
"4e4992f5-76dc-43f7-9c27-265aa84b9131","od.rourkela","95d0e5fd-09b5-4339-857a-4a0b2c6562db","BPA.NC_SAN_FEE","BILLNO-BPA.NC_SAN_FEE-18463434",1665207961865,"BP-RRK-2022-07-26-006558",NULL,NULL,NULL,NULL,70540.00,False,NULL,NULL,"0d2957d0-4736-4b49-8640-1605e5d0a041",1665207961865,"0d2957d0-4736-4b49-8640-1605e5d0a041",1665207961865,NULL,NULL,1641015964449,1672465564449,"f6a2e8a6-a29d-48ac-8ddd-76ff7a39f3b2",NULL,1667865599865,"null"
"70fbe7be-e31c-47d9-b072-52fe4e35d953","od.rourkela","63ac1349-2bc2-4b53-9274-6fee727037d9","BPA.NC_SAN_FEE","BILLNO-BPA.NC_SAN_FEE-18463641",1665208307674,"BP-RRK-2022-07-26-006558",NULL,NULL,NULL,NULL,70540.00,False,NULL,NULL,"0d2957d0-4736-4b49-8640-1605e5d0a041",1665208307674,"0d2957d0-4736-4b49-8640-1605e5d0a041",1665208307674,NULL,NULL,1641014605361,1672464205361,"0d35d83a-4414-4ca2-89ef-297ac594c017",NULL,1667865599674,"null"
"ddc7f584-73af-4849-b109-18c4cf004662","od.rourkela","63ac1349-2bc2-4b53-9274-6fee727037d9","BPA.NC_SAN_FEE","BILLNO-BPA.NC_SAN_FEE-18463641",1665208307674,"BP-RRK-2022-07-26-006558",NULL,NULL,NULL,NULL,70540.00,False,NULL,NULL,"0d2957d0-4736-4b49-8640-1605e5d0a041",1665208307674,"0d2957d0-4736-4b49-8640-1605e5d0a041",1665208307674,NULL,NULL,1641015039897,1672464639897,"c7403f13-0d06-4dee-bb09-f3ad61a1e343",NULL,1667865599674,"null"
"eadc6612-baa5-40db-add1-e3fc26e27d5f","od.rourkela","63ac1349-2bc2-4b53-9274-6fee727037d9","BPA.NC_SAN_FEE","BILLNO-BPA.NC_SAN_FEE-18463641",1665208307674,"BP-RRK-2022-07-26-006558",NULL,NULL,NULL,NULL,70540.00,False,NULL,NULL,"0d2957d0-4736-4b49-8640-1605e5d0a041",1665208307674,"0d2957d0-4736-4b49-8640-1605e5d0a041",1665208307674,NULL,NULL,1641015189643,1672464789643,"8ed24b90-acfe-40a6-860d-44a0c1664fc4",NULL,1667865599674,"null"
"d2e1c320-1b9c-4880-a173-572b67382b56","od.rourkela","63ac1349-2bc2-4b53-9274-6fee727037d9","BPA.NC_SAN_FEE","BILLNO-BPA.NC_SAN_FEE-18463641",1665208307674,"BP-RRK-2022-07-26-006558",NULL,NULL,NULL,NULL,70540.00,False,NULL,NULL,"0d2957d0-4736-4b49-8640-1605e5d0a041",1665208307674,"0d2957d0-4736-4b49-8640-1605e5d0a041",1665208307674,NULL,NULL,1641015247345,1672464847345,"d66a2896-22f1-4980-8e80-fd937b7cb31a",NULL,1667865599674,"null"
"0c8232c5-1caa-41e0-ae7b-05db6ac23e4e","od.rourkela","63ac1349-2bc2-4b53-9274-6fee727037d9","BPA.NC_SAN_FEE","BILLNO-BPA.NC_SAN_FEE-18463641",1665208307674,"BP-RRK-2022-07-26-006558",NULL,NULL,NULL,NULL,70540.00,False,NULL,NULL,"0d2957d0-4736-4b49-8640-1605e5d0a041",1665208307674,"0d2957d0-4736-4b49-8640-1605e5d0a041",1665208307674,NULL,NULL,1641015275850,1672464875850,"fdb5bd90-2ca7-4397-8599-bf8e8959850b",NULL,1667865599674,"null"
"b545580f-e2ce-4539-8098-1a65b1663d6f","od.rourkela","63ac1349-2bc2-4b53-9274-6fee727037d9","BPA.NC_SAN_FEE","BILLNO-BPA.NC_SAN_FEE-18463641",1665208307674,"BP-RRK-2022-07-26-006558",NULL,NULL,NULL,NULL,70540.00,False,NULL,NULL,"0d2957d0-4736-4b49-8640-1605e5d0a041",1665208307674,"0d2957d0-4736-4b49-8640-1605e5d0a041",1665208307674,NULL,NULL,1641015713053,1672465313053,"82f4941c-25b3-43d6-9324-de928a81e63e",NULL,1667865599674,"null"
"512147b1-dd67-40e2-81bc-dc9a855dcf49","od.rourkela","63ac1349-2bc2-4b53-9274-6fee727037d9","BPA.NC_SAN_FEE","BILLNO-BPA.NC_SAN_FEE-18463641",1665208307674,"BP-RRK-2022-07-26-006558",NULL,NULL,NULL,NULL,70540.00,False,NULL,NULL,"0d2957d0-4736-4b49-8640-1605e5d0a041",1665208307674,"0d2957d0-4736-4b49-8640-1605e5d0a041",1665208307674,NULL,NULL,1641015798778,1672465398778,"bd66187a-e491-45d9-9ee5-d964a062bd17",NULL,1667865599674,"null"
"db1a2432-f2fe-4d5c-9a48-b5440809fd80","od.rourkela","63ac1349-2bc2-4b53-9274-6fee727037d9","BPA.NC_SAN_FEE","BILLNO-BPA.NC_SAN_FEE-18463641",1665208307674,"BP-RRK-2022-07-26-006558",NULL,NULL,NULL,NULL,70540.00,False,NULL,NULL,"0d2957d0-4736-4b49-8640-1605e5d0a041",1665208307674,"0d2957d0-4736-4b49-8640-1605e5d0a041",1665208307674,NULL,NULL,1641015964449,1672465564449,"f6a2e8a6-a29d-48ac-8ddd-76ff7a39f3b2",NULL,1667865599674,"null"
"4ecb5676-a2d6-4a82-a89e-90068475411f","od.rourkela","63ac1349-2bc2-4b53-9274-6fee727037d9","BPA.NC_SAN_FEE","BILLNO-BPA.NC_SAN_FEE-18463641",1665208307674,"BP-RRK-2022-07-26-006558",NULL,NULL,NULL,NULL,70540.00,False,NULL,NULL,"0d2957d0-4736-4b49-8640-1605e5d0a041",1665208307674,"0d2957d0-4736-4b49-8640-1605e5d0a041",1665208307674,NULL,NULL,1641016307040,1672465907040,"6d1ade7a-d589-4144-8411-99120ad107d0",NULL,1667865599674,"null"
"8d786797-62bf-4184-8bc2-cdd6861e1e48","od.rourkela","2a113fd0-107b-47a3-aff7-bd45e417b10e","BPA.NC_SAN_FEE","BILLNO-BPA.NC_SAN_FEE-18464803",1665210121327,"BP-RRK-2022-07-26-006558",NULL,NULL,NULL,NULL,70540.00,False,NULL,NULL,"0d2957d0-4736-4b49-8640-1605e5d0a041",1665210121327,"0d2957d0-4736-4b49-8640-1605e5d0a041",1665210121327,NULL,NULL,1641014605361,1672464205361,"0d35d83a-4414-4ca2-89ef-297ac594c017",NULL,1667865599327,"null"
"8d0be22f-dd9c-4890-8882-d2ac141857a8","od.rourkela","2a113fd0-107b-47a3-aff7-bd45e417b10e","BPA.NC_SAN_FEE","BILLNO-BPA.NC_SAN_FEE-18464803",1665210121327,"BP-RRK-2022-07-26-006558",NULL,NULL,NULL,NULL,70540.00,False,NULL,NULL,"0d2957d0-4736-4b49-8640-1605e5d0a041",1665210121327,"0d2957d0-4736-4b49-8640-1605e5d0a041",1665210121327,NULL,NULL,1641015039897,1672464639897,"c7403f13-0d06-4dee-bb09-f3ad61a1e343",NULL,1667865599327,"null"
"59a942d3-b99a-4483-b7f5-c60381d03908","od.rourkela","2a113fd0-107b-47a3-aff7-bd45e417b10e","BPA.NC_SAN_FEE","BILLNO-BPA.NC_SAN_FEE-18464803",1665210121327,"BP-RRK-2022-07-26-006558",NULL,NULL,NULL,NULL,70540.00,False,NULL,NULL,"0d2957d0-4736-4b49-8640-1605e5d0a041",1665210121327,"0d2957d0-4736-4b49-8640-1605e5d0a041",1665210121327,NULL,NULL,1641015189643,1672464789643,"8ed24b90-acfe-40a6-860d-44a0c1664fc4",NULL,1667865599327,"null"
"245daf62-b05b-4cd9-a6d1-70ebbdca1253","od.rourkela","2a113fd0-107b-47a3-aff7-bd45e417b10e","BPA.NC_SAN_FEE","BILLNO-BPA.NC_SAN_FEE-18464803",1665210121327,"BP-RRK-2022-07-26-006558",NULL,NULL,NULL,NULL,70540.00,False,NULL,NULL,"0d2957d0-4736-4b49-8640-1605e5d0a041",1665210121327,"0d2957d0-4736-4b49-8640-1605e5d0a041",1665210121327,NULL,NULL,1641015247345,1672464847345,"d66a2896-22f1-4980-8e80-fd937b7cb31a",NULL,1667865599327,"null"
"d855d29e-8296-4c4a-9784-a1b5d2a6d58e","od.rourkela","2a113fd0-107b-47a3-aff7-bd45e417b10e","BPA.NC_SAN_FEE","BILLNO-BPA.NC_SAN_FEE-18464803",1665210121327,"BP-RRK-2022-07-26-006558",NULL,NULL,NULL,NULL,70540.00,False,NULL,NULL,"0d2957d0-4736-4b49-8640-1605e5d0a041",1665210121327,"0d2957d0-4736-4b49-8640-1605e5d0a041",1665210121327,NULL,NULL,1641015275850,1672464875850,"fdb5bd90-2ca7-4397-8599-bf8e8959850b",NULL,1667865599327,"null"
"aafb3126-afa3-4518-873f-7cf7341dc328","od.rourkela","2a113fd0-107b-47a3-aff7-bd45e417b10e","BPA.NC_SAN_FEE","BILLNO-BPA.NC_SAN_FEE-18464803",1665210121327,"BP-RRK-2022-07-26-006558",NULL,NULL,NULL,NULL,70540.00,False,NULL,NULL,"0d2957d0-4736-4b49-8640-1605e5d0a041",1665210121327,"0d2957d0-4736-4b49-8640-1605e5d0a041",1665210121327,NULL,NULL,1641015713053,1672465313053,"82f4941c-25b3-43d6-9324-de928a81e63e",NULL,1667865599327,"null"
"48f4fe41-5684-4a19-9b86-c83f7475d7f1","od.rourkela","2a113fd0-107b-47a3-aff7-bd45e417b10e","BPA.NC_SAN_FEE","BILLNO-BPA.NC_SAN_FEE-18464803",1665210121327,"BP-RRK-2022-07-26-006558",NULL,NULL,NULL,NULL,70540.00,False,NULL,NULL,"0d2957d0-4736-4b49-8640-1605e5d0a041",1665210121327,"0d2957d0-4736-4b49-8640-1605e5d0a041",1665210121327,NULL,NULL,1641015798778,1672465398778,"bd66187a-e491-45d9-9ee5-d964a062bd17",NULL,1667865599327,"null"
"4c0eb610-6a4e-4d83-afef-afa25d0c3849","od.rourkela","2a113fd0-107b-47a3-aff7-bd45e417b10e","BPA.NC_SAN_FEE","BILLNO-BPA.NC_SAN_FEE-18464803",1665210121327,"BP-RRK-2022-07-26-006558",NULL,NULL,NULL,NULL,70540.00,False,NULL,NULL,"0d2957d0-4736-4b49-8640-1605e5d0a041",1665210121327,"0d2957d0-4736-4b49-8640-1605e5d0a041",1665210121327,NULL,NULL,1641015964449,1672465564449,"f6a2e8a6-a29d-48ac-8ddd-76ff7a39f3b2",NULL,1667865599327,"null"
"cb5667fa-1b43-4b43-8861-48e60d756196","od.rourkela","2a113fd0-107b-47a3-aff7-bd45e417b10e","BPA.NC_SAN_FEE","BILLNO-BPA.NC_SAN_FEE-18464803",1665210121327,"BP-RRK-2022-07-26-006558",NULL,NULL,NULL,NULL,70540.00,False,NULL,NULL,"0d2957d0-4736-4b49-8640-1605e5d0a041",1665210121327,"0d2957d0-4736-4b49-8640-1605e5d0a041",1665210121327,NULL,NULL,1641016307040,1672465907040,"6d1ade7a-d589-4144-8411-99120ad107d0",NULL,1667865599327,"null"
"381a9f96-3798-411f-a74f-175f21722217","od.rourkela","2a113fd0-107b-47a3-aff7-bd45e417b10e","BPA.NC_SAN_FEE","BILLNO-BPA.NC_SAN_FEE-18464803",1665210121327,"BP-RRK-2022-07-26-006558",NULL,NULL,NULL,NULL,70540.00,False,NULL,NULL,"0d2957d0-4736-4b49-8640-1605e5d0a041",1665210121327,"0d2957d0-4736-4b49-8640-1605e5d0a041",1665210121327,NULL,NULL,1641018116761,1672467716761,"32990517-ccda-4ea5-9397-10d6f445f74f",NULL,1667865599327,"null"
"b0d807b2-ea38-43b5-8e25-c616deb4d074","od.rourkela","e517c0d2-04d4-4106-9c77-d53eac5b545c","BPA.NC_SAN_FEE","BILLNO-BPA.NC_SAN_FEE-18475717",1665220277676,"BP-RRK-2022-07-26-006558",NULL,NULL,NULL,NULL,70540.00,False,NULL,NULL,"0d2957d0-4736-4b49-8640-1605e5d0a041",1665220277676,"0d2957d0-4736-4b49-8640-1605e5d0a041",1665220277676,NULL,NULL,1641014605361,1672464205361,"0d35d83a-4414-4ca2-89ef-297ac594c017",NULL,1667865599676,"null"
"2912f4d3-b699-4591-a31e-74e32d1f6e32","od.rourkela","e517c0d2-04d4-4106-9c77-d53eac5b545c","BPA.NC_SAN_FEE","BILLNO-BPA.NC_SAN_FEE-18475717",1665220277676,"BP-RRK-2022-07-26-006558",NULL,NULL,NULL,NULL,70540.00,False,NULL,NULL,"0d2957d0-4736-4b49-8640-1605e5d0a041",1665220277676,"0d2957d0-4736-4b49-8640-1605e5d0a041",1665220277676,NULL,NULL,1641015039897,1672464639897,"c7403f13-0d06-4dee-bb09-f3ad61a1e343",NULL,1667865599676,"null"
"221ae6ba-02a0-40f3-8cd2-59a01d2d4689","od.rourkela","e517c0d2-04d4-4106-9c77-d53eac5b545c","BPA.NC_SAN_FEE","BILLNO-BPA.NC_SAN_FEE-18475717",1665220277676,"BP-RRK-2022-07-26-006558",NULL,NULL,NULL,NULL,70540.00,False,NULL,NULL,"0d2957d0-4736-4b49-8640-1605e5d0a041",1665220277676,"0d2957d0-4736-4b49-8640-1605e5d0a041",1665220277676,NULL,NULL,1641015189643,1672464789643,"8ed24b90-acfe-40a6-860d-44a0c1664fc4",NULL,1667865599676,"null"
"9edfdd91-0777-4bb2-a45e-31eb39780c0f","od.rourkela","e517c0d2-04d4-4106-9c77-d53eac5b545c","BPA.NC_SAN_FEE","BILLNO-BPA.NC_SAN_FEE-18475717",1665220277676,"BP-RRK-2022-07-26-006558",NULL,NULL,NULL,NULL,70540.00,False,NULL,NULL,"0d2957d0-4736-4b49-8640-1605e5d0a041",1665220277676,"0d2957d0-4736-4b49-8640-1605e5d0a041",1665220277676,NULL,NULL,1641015247345,1672464847345,"d66a2896-22f1-4980-8e80-fd937b7cb31a",NULL,1667865599676,"null"
"52f701f2-91ed-4e5d-b09b-f55ebdca9ad0","od.rourkela","e517c0d2-04d4-4106-9c77-d53eac5b545c","BPA.NC_SAN_FEE","BILLNO-BPA.NC_SAN_FEE-18475717",1665220277676,"BP-RRK-2022-07-26-006558",NULL,NULL,NULL,NULL,70540.00,False,NULL,NULL,"0d2957d0-4736-4b49-8640-1605e5d0a041",1665220277676,"0d2957d0-4736-4b49-8640-1605e5d0a041",1665220277676,NULL,NULL,1641015275850,1672464875850,"fdb5bd90-2ca7-4397-8599-bf8e8959850b",NULL,1667865599676,"null"
"ab980ee4-f8f8-4926-9d3f-38343f7eed6c","od.rourkela","e517c0d2-04d4-4106-9c77-d53eac5b545c","BPA.NC_SAN_FEE","BILLNO-BPA.NC_SAN_FEE-18475717",1665220277676,"BP-RRK-2022-07-26-006558",NULL,NULL,NULL,NULL,70540.00,False,NULL,NULL,"0d2957d0-4736-4b49-8640-1605e5d0a041",1665220277676,"0d2957d0-4736-4b49-8640-1605e5d0a041",1665220277676,NULL,NULL,1641015713053,1672465313053,"82f4941c-25b3-43d6-9324-de928a81e63e",NULL,1667865599676,"null"
"7fac5136-2efa-4ac2-b681-524120c81dfd","od.rourkela","e517c0d2-04d4-4106-9c77-d53eac5b545c","BPA.NC_SAN_FEE","BILLNO-BPA.NC_SAN_FEE-18475717",1665220277676,"BP-RRK-2022-07-26-006558",NULL,NULL,NULL,NULL,70540.00,False,NULL,NULL,"0d2957d0-4736-4b49-8640-1605e5d0a041",1665220277676,"0d2957d0-4736-4b49-8640-1605e5d0a041",1665220277676,NULL,NULL,1641015798778,1672465398778,"bd66187a-e491-45d9-9ee5-d964a062bd17",NULL,1667865599676,"null"
"ff0be5ff-bbb9-4c3d-a372-deb806640c38","od.rourkela","e517c0d2-04d4-4106-9c77-d53eac5b545c","BPA.NC_SAN_FEE","BILLNO-BPA.NC_SAN_FEE-18475717",1665220277676,"BP-RRK-2022-07-26-006558",NULL,NULL,NULL,NULL,70540.00,False,NULL,NULL,"0d2957d0-4736-4b49-8640-1605e5d0a041",1665220277676,"0d2957d0-4736-4b49-8640-1605e5d0a041",1665220277676,NULL,NULL,1641015964449,1672465564449,"f6a2e8a6-a29d-48ac-8ddd-76ff7a39f3b2",NULL,1667865599676,"null"
"32c68657-f897-4b31-b9ac-98904843b60b","od.rourkela","e517c0d2-04d4-4106-9c77-d53eac5b545c","BPA.NC_SAN_FEE","BILLNO-BPA.NC_SAN_FEE-18475717",1665220277676,"BP-RRK-2022-07-26-006558",NULL,NULL,NULL,NULL,70540.00,False,NULL,NULL,"0d2957d0-4736-4b49-8640-1605e5d0a041",1665220277676,"0d2957d0-4736-4b49-8640-1605e5d0a041",1665220277676,NULL,NULL,1641016307040,1672465907040,"6d1ade7a-d589-4144-8411-99120ad107d0",NULL,1667865599676,"null"
"400380ad-828d-4789-940a-a40d7dbc293b","od.rourkela","e517c0d2-04d4-4106-9c77-d53eac5b545c","BPA.NC_SAN_FEE","BILLNO-BPA.NC_SAN_FEE-18475717",1665220277676,"BP-RRK-2022-07-26-006558",NULL,NULL,NULL,NULL,70540.00,False,NULL,NULL,"0d2957d0-4736-4b49-8640-1605e5d0a041",1665220277676,"0d2957d0-4736-4b49-8640-1605e5d0a041",1665220277676,NULL,NULL,1641018116761,1672467716761,"32990517-ccda-4ea5-9397-10d6f445f74f",NULL,1667865599676,"null"
"77f29424-aa7c-484c-99d5-8e7fb8139fbb","od.rourkela","e517c0d2-04d4-4106-9c77-d53eac5b545c","BPA.NC_SAN_FEE","BILLNO-BPA.NC_SAN_FEE-18475717",1665220277676,"BP-RRK-2022-07-26-006558",NULL,NULL,NULL,NULL,70540.00,False,NULL,NULL,"0d2957d0-4736-4b49-8640-1605e5d0a041",1665220277676,"0d2957d0-4736-4b49-8640-1605e5d0a041",1665220277676,NULL,NULL,1641028319023,1672477919023,"45f5a34d-ab1d-4d6b-bbdc-34822a5b2609",NULL,1667865599676,"null"
"595aeb83-d333-4a7a-a57e-6b8236c06dbe","od.rourkela","92a99112-88a0-4f01-827a-63a9cc26c87b","BPA.NC_SAN_FEE","BILLNO-BPA.NC_SAN_FEE-18515120",1665376528489,"BP-RRK-2022-07-26-006558",NULL,NULL,NULL,NULL,70540.00,False,NULL,NULL,"0d2957d0-4736-4b49-8640-1605e5d0a041",1665376528489,"0d2957d0-4736-4b49-8640-1605e5d0a041",1665376528489,NULL,NULL,1641011725881,1672461325881,"cc852736-8f86-4a35-ba07-1a5f143d14fc",NULL,1668038399489,"null"
"4f02d65d-0488-4192-b0ea-15a795acec74","od.rourkela","92a99112-88a0-4f01-827a-63a9cc26c87b","BPA.NC_SAN_FEE","BILLNO-BPA.NC_SAN_FEE-18515120",1665376528489,"BP-RRK-2022-07-26-006558",NULL,NULL,NULL,NULL,70540.00,False,NULL,NULL,"0d2957d0-4736-4b49-8640-1605e5d0a041",1665376528489,"0d2957d0-4736-4b49-8640-1605e5d0a041",1665376528489,NULL,NULL,1641014605361,1672464205361,"0d35d83a-4414-4ca2-89ef-297ac594c017",NULL,1668038399489,"null"
"04f1687c-bf86-438d-81d5-2c892ffb6b42","od.rourkela","92a99112-88a0-4f01-827a-63a9cc26c87b","BPA.NC_SAN_FEE","BILLNO-BPA.NC_SAN_FEE-18515120",1665376528489,"BP-RRK-2022-07-26-006558",NULL,NULL,NULL,NULL,70540.00,False,NULL,NULL,"0d2957d0-4736-4b49-8640-1605e5d0a041",1665376528489,"0d2957d0-4736-4b49-8640-1605e5d0a041",1665376528489,NULL,NULL,1641015039897,1672464639897,"c7403f13-0d06-4dee-bb09-f3ad61a1e343",NULL,1668038399489,"null"
"0d516794-3dea-4aeb-841c-fd028a707c05","od.rourkela","92a99112-88a0-4f01-827a-63a9cc26c87b","BPA.NC_SAN_FEE","BILLNO-BPA.NC_SAN_FEE-18515120",1665376528489,"BP-RRK-2022-07-26-006558",NULL,NULL,NULL,NULL,70540.00,False,NULL,NULL,"0d2957d0-4736-4b49-8640-1605e5d0a041",1665376528489,"0d2957d0-4736-4b49-8640-1605e5d0a041",1665376528489,NULL,NULL,1641015189643,1672464789643,"8ed24b90-acfe-40a6-860d-44a0c1664fc4",NULL,1668038399489,"null"
"b7fd73a8-8893-4f76-b249-a5882d92d57f","od.rourkela","92a99112-88a0-4f01-827a-63a9cc26c87b","BPA.NC_SAN_FEE","BILLNO-BPA.NC_SAN_FEE-18515120",1665376528489,"BP-RRK-2022-07-26-006558",NULL,NULL,NULL,NULL,70540.00,False,NULL,NULL,"0d2957d0-4736-4b49-8640-1605e5d0a041",1665376528489,"0d2957d0-4736-4b49-8640-1605e5d0a041",1665376528489,NULL,NULL,1641015247345,1672464847345,"d66a2896-22f1-4980-8e80-fd937b7cb31a",NULL,1668038399489,"null"
"893e20b3-d578-4c95-9c90-5e8bd7313f5a","od.rourkela","92a99112-88a0-4f01-827a-63a9cc26c87b","BPA.NC_SAN_FEE","BILLNO-BPA.NC_SAN_FEE-18515120",1665376528489,"BP-RRK-2022-07-26-006558",NULL,NULL,NULL,NULL,70540.00,False,NULL,NULL,"0d2957d0-4736-4b49-8640-1605e5d0a041",1665376528489,"0d2957d0-4736-4b49-8640-1605e5d0a041",1665376528489,NULL,NULL,1641015275850,1672464875850,"fdb5bd90-2ca7-4397-8599-bf8e8959850b",NULL,1668038399489,"null"
"38ef4c92-3611-4a3f-a495-409567e08a5e","od.rourkela","92a99112-88a0-4f01-827a-63a9cc26c87b","BPA.NC_SAN_FEE","BILLNO-BPA.NC_SAN_FEE-18515120",1665376528489,"BP-RRK-2022-07-26-006558",NULL,NULL,NULL,NULL,70540.00,False,NULL,NULL,"0d2957d0-4736-4b49-8640-1605e5d0a041",1665376528489,"0d2957d0-4736-4b49-8640-1605e5d0a041",1665376528489,NULL,NULL,1641015713053,1672465313053,"82f4941c-25b3-43d6-9324-de928a81e63e",NULL,1668038399489,"null"
"531ef962-324c-4958-a7a2-c192fbc47f6c","od.rourkela","92a99112-88a0-4f01-827a-63a9cc26c87b","BPA.NC_SAN_FEE","BILLNO-BPA.NC_SAN_FEE-18515120",1665376528489,"BP-RRK-2022-07-26-006558",NULL,NULL,NULL,NULL,70540.00,False,NULL,NULL,"0d2957d0-4736-4b49-8640-1605e5d0a041",1665376528489,"0d2957d0-4736-4b49-8640-1605e5d0a041",1665376528489,NULL,NULL,1641015798778,1672465398778,"bd66187a-e491-45d9-9ee5-d964a062bd17",NULL,1668038399489,"null"
"49e8047b-564d-4185-9c35-dcedf8448138","od.rourkela","92a99112-88a0-4f01-827a-63a9cc26c87b","BPA.NC_SAN_FEE","BILLNO-BPA.NC_SAN_FEE-18515120",1665376528489,"BP-RRK-2022-07-26-006558",NULL,NULL,NULL,NULL,70540.00,False,NULL,NULL,"0d2957d0-4736-4b49-8640-1605e5d0a041",1665376528489,"0d2957d0-4736-4b49-8640-1605e5d0a041",1665376528489,NULL,NULL,1641015964449,1672465564449,"f6a2e8a6-a29d-48ac-8ddd-76ff7a39f3b2",NULL,1668038399489,"null"
"3f02869f-01ca-42ce-b2ad-18ad156cc414","od.rourkela","92a99112-88a0-4f01-827a-63a9cc26c87b","BPA.NC_SAN_FEE","BILLNO-BPA.NC_SAN_FEE-18515120",1665376528489,"BP-RRK-2022-07-26-006558",NULL,NULL,NULL,NULL,70540.00,False,NULL,NULL,"0d2957d0-4736-4b49-8640-1605e5d0a041",1665376528489,"0d2957d0-4736-4b49-8640-1605e5d0a041",1665376528489,NULL,NULL,1641016307040,1672465907040,"6d1ade7a-d589-4144-8411-99120ad107d0",NULL,1668038399489,"null"
"9dda41d6-2c8b-4fa5-a389-0027573d7ab3","od.rourkela","92a99112-88a0-4f01-827a-63a9cc26c87b","BPA.NC_SAN_FEE","BILLNO-BPA.NC_SAN_FEE-18515120",1665376528489,"BP-RRK-2022-07-26-006558",NULL,NULL,NULL,NULL,70540.00,False,NULL,NULL,"0d2957d0-4736-4b49-8640-1605e5d0a041",1665376528489,"0d2957d0-4736-4b49-8640-1605e5d0a041",1665376528489,NULL,NULL,1641018116761,1672467716761,"32990517-ccda-4ea5-9397-10d6f445f74f",NULL,1668038399489,"null"
"bde0a6b7-58d0-4835-95e8-376e94c40098","od.rourkela","92a99112-88a0-4f01-827a-63a9cc26c87b","BPA.NC_SAN_FEE","BILLNO-BPA.NC_SAN_FEE-18515120",1665376528489,"BP-RRK-2022-07-26-006558",NULL,NULL,NULL,NULL,70540.00,False,NULL,NULL,"0d2957d0-4736-4b49-8640-1605e5d0a041",1665376528489,"0d2957d0-4736-4b49-8640-1605e5d0a041",1665376528489,NULL,NULL,1641028319023,1672477919023,"45f5a34d-ab1d-4d6b-bbdc-34822a5b2609",NULL,1668038399489,"null"
"69af6e61-dbde-403b-8abe-c3f332e32106","od.rourkela","a0b2cd4f-4f9d-423b-8227-7e7bcaa1fd5f","BPA.NC_SAN_FEE","BILLNO-BPA.NC_SAN_FEE-18515367",1665376612284,"BP-RRK-2022-07-26-006558",NULL,NULL,NULL,NULL,70540.00,False,NULL,NULL,"0d2957d0-4736-4b49-8640-1605e5d0a041",1665376612284,"0d2957d0-4736-4b49-8640-1605e5d0a041",1665376612284,NULL,NULL,1641011725881,1672461325881,"cc852736-8f86-4a35-ba07-1a5f143d14fc",NULL,1668038399284,"null"
"8f43c7a9-9ef6-4096-b984-46bbe60c5ff8","od.rourkela","a0b2cd4f-4f9d-423b-8227-7e7bcaa1fd5f","BPA.NC_SAN_FEE","BILLNO-BPA.NC_SAN_FEE-18515367",1665376612284,"BP-RRK-2022-07-26-006558",NULL,NULL,NULL,NULL,70540.00,False,NULL,NULL,"0d2957d0-4736-4b49-8640-1605e5d0a041",1665376612284,"0d2957d0-4736-4b49-8640-1605e5d0a041",1665376612284,NULL,NULL,1641011770981,1672461370981,"8c30977a-b5aa-4e7a-b304-ea32c5dc36eb",NULL,1668038399284,"null"
"ad14b35e-bfc7-47b3-b9bd-cfc334d8c7cb","od.rourkela","a0b2cd4f-4f9d-423b-8227-7e7bcaa1fd5f","BPA.NC_SAN_FEE","BILLNO-BPA.NC_SAN_FEE-18515367",1665376612284,"BP-RRK-2022-07-26-006558",NULL,NULL,NULL,NULL,70540.00,False,NULL,NULL,"0d2957d0-4736-4b49-8640-1605e5d0a041",1665376612284,"0d2957d0-4736-4b49-8640-1605e5d0a041",1665376612284,NULL,NULL,1641014605361,1672464205361,"0d35d83a-4414-4ca2-89ef-297ac594c017",NULL,1668038399284,"null"
"af15dfc2-1f06-4e65-bb49-d4227323db1e","od.rourkela","a0b2cd4f-4f9d-423b-8227-7e7bcaa1fd5f","BPA.NC_SAN_FEE","BILLNO-BPA.NC_SAN_FEE-18515367",1665376612284,"BP-RRK-2022-07-26-006558",NULL,NULL,NULL,NULL,70540.00,False,NULL,NULL,"0d2957d0-4736-4b49-8640-1605e5d0a041",1665376612284,"0d2957d0-4736-4b49-8640-1605e5d0a041",1665376612284,NULL,NULL,1641015039897,1672464639897,"c7403f13-0d06-4dee-bb09-f3ad61a1e343",NULL,1668038399284,"null"
"1e8fe6da-e0cc-4e50-84bf-c0fbe7ff084b","od.rourkela","a0b2cd4f-4f9d-423b-8227-7e7bcaa1fd5f","BPA.NC_SAN_FEE","BILLNO-BPA.NC_SAN_FEE-18515367",1665376612284,"BP-RRK-2022-07-26-006558",NULL,NULL,NULL,NULL,70540.00,False,NULL,NULL,"0d2957d0-4736-4b49-8640-1605e5d0a041",1665376612284,"0d2957d0-4736-4b49-8640-1605e5d0a041",1665376612284,NULL,NULL,1641015189643,1672464789643,"8ed24b90-acfe-40a6-860d-44a0c1664fc4",NULL,1668038399284,"null"
"504e46aa-8c95-4f3e-9d0a-8dd1577771fd","od.rourkela","a0b2cd4f-4f9d-423b-8227-7e7bcaa1fd5f","BPA.NC_SAN_FEE","BILLNO-BPA.NC_SAN_FEE-18515367",1665376612284,"BP-RRK-2022-07-26-006558",NULL,NULL,NULL,NULL,70540.00,False,NULL,NULL,"0d2957d0-4736-4b49-8640-1605e5d0a041",1665376612284,"0d2957d0-4736-4b49-8640-1605e5d0a041",1665376612284,NULL,NULL,1641015247345,1672464847345,"d66a2896-22f1-4980-8e80-fd937b7cb31a",NULL,1668038399284,"null"
"35a69085-7033-4aff-87ce-9106959b7b88","od.rourkela","a0b2cd4f-4f9d-423b-8227-7e7bcaa1fd5f","BPA.NC_SAN_FEE","BILLNO-BPA.NC_SAN_FEE-18515367",1665376612284,"BP-RRK-2022-07-26-006558",NULL,NULL,NULL,NULL,70540.00,False,NULL,NULL,"0d2957d0-4736-4b49-8640-1605e5d0a041",1665376612284,"0d2957d0-4736-4b49-8640-1605e5d0a041",1665376612284,NULL,NULL,1641015275850,1672464875850,"fdb5bd90-2ca7-4397-8599-bf8e8959850b",NULL,1668038399284,"null"
"a3bbae3e-8bf2-4420-88f3-4d9f7e855f36","od.rourkela","a0b2cd4f-4f9d-423b-8227-7e7bcaa1fd5f","BPA.NC_SAN_FEE","BILLNO-BPA.NC_SAN_FEE-18515367",1665376612284,"BP-RRK-2022-07-26-006558",NULL,NULL,NULL,NULL,70540.00,False,NULL,NULL,"0d2957d0-4736-4b49-8640-1605e5d0a041",1665376612284,"0d2957d0-4736-4b49-8640-1605e5d0a041",1665376612284,NULL,NULL,1641015713053,1672465313053,"82f4941c-25b3-43d6-9324-de928a81e63e",NULL,1668038399284,"null"
"4fdde600-f858-4ea0-99e8-7c3aff796132","od.rourkela","a0b2cd4f-4f9d-423b-8227-7e7bcaa1fd5f","BPA.NC_SAN_FEE","BILLNO-BPA.NC_SAN_FEE-18515367",1665376612284,"BP-RRK-2022-07-26-006558",NULL,NULL,NULL,NULL,70540.00,False,NULL,NULL,"0d2957d0-4736-4b49-8640-1605e5d0a041",1665376612284,"0d2957d0-4736-4b49-8640-1605e5d0a041",1665376612284,NULL,NULL,1641015798778,1672465398778,"bd66187a-e491-45d9-9ee5-d964a062bd17",NULL,1668038399284,"null"
"691e3ef3-277a-490e-a1ff-4fb08b683755","od.rourkela","a0b2cd4f-4f9d-423b-8227-7e7bcaa1fd5f","BPA.NC_SAN_FEE","BILLNO-BPA.NC_SAN_FEE-18515367",1665376612284,"BP-RRK-2022-07-26-006558",NULL,NULL,NULL,NULL,70540.00,False,NULL,NULL,"0d2957d0-4736-4b49-8640-1605e5d0a041",1665376612284,"0d2957d0-4736-4b49-8640-1605e5d0a041",1665376612284,NULL,NULL,1641015964449,1672465564449,"f6a2e8a6-a29d-48ac-8ddd-76ff7a39f3b2",NULL,1668038399284,"null"
"5f5f8a3a-46c0-44cc-8b74-79b3b562a7cc","od.rourkela","a0b2cd4f-4f9d-423b-8227-7e7bcaa1fd5f","BPA.NC_SAN_FEE","BILLNO-BPA.NC_SAN_FEE-18515367",1665376612284,"BP-RRK-2022-07-26-006558",NULL,NULL,NULL,NULL,70540.00,False,NULL,NULL,"0d2957d0-4736-4b49-8640-1605e5d0a041",1665376612284,"0d2957d0-4736-4b49-8640-1605e5d0a041",1665376612284,NULL,NULL,1641016307040,1672465907040,"6d1ade7a-d589-4144-8411-99120ad107d0",NULL,1668038399284,"null"
"dd9e9c14-c9cd-47f8-87f3-ee4dbb63e0b7","od.rourkela","a0b2cd4f-4f9d-423b-8227-7e7bcaa1fd5f","BPA.NC_SAN_FEE","BILLNO-BPA.NC_SAN_FEE-18515367",1665376612284,"BP-RRK-2022-07-26-006558",NULL,NULL,NULL,NULL,70540.00,False,NULL,NULL,"0d2957d0-4736-4b49-8640-1605e5d0a041",1665376612284,"0d2957d0-4736-4b49-8640-1605e5d0a041",1665376612284,NULL,NULL,1641018116761,1672467716761,"32990517-ccda-4ea5-9397-10d6f445f74f",NULL,1668038399284,"null"
"b4ad6a03-bcf5-4190-aedc-9321a5b8173d","od.rourkela","a0b2cd4f-4f9d-423b-8227-7e7bcaa1fd5f","BPA.NC_SAN_FEE","BILLNO-BPA.NC_SAN_FEE-18515367",1665376612284,"BP-RRK-2022-07-26-006558",NULL,NULL,NULL,NULL,70540.00,False,NULL,NULL,"0d2957d0-4736-4b49-8640-1605e5d0a041",1665376612284,"0d2957d0-4736-4b49-8640-1605e5d0a041",1665376612284,NULL,NULL,1641028319023,1672477919023,"45f5a34d-ab1d-4d6b-bbdc-34822a5b2609",NULL,1668038399284,"null"
